,_replies,_submission,_reddit,total_awards_received,approved_at_utc,author_is_blocked,comment_type,awarders,mod_reason_by,banned_by,ups,removal_reason,link_id,author_flair_template_id,likes,user_reports,saved,id,banned_at_utc,mod_reason_title,gilded,archived,collapsed_reason_code,no_follow,author,can_mod_post,send_replies,parent_id,score,approved_by,report_reasons,all_awardings,subreddit_id,body,edited,downs,author_flair_css_class,collapsed,is_submitter,body_html,gildings,collapsed_reason,associated_award,stickied,subreddit_type,can_gild,top_awarded_type,unrepliable_reason,author_flair_text_color,score_hidden,permalink,num_reports,locked,name,created,subreddit,author_flair_text,treatment_tags,created_utc,subreddit_name_prefixed,controversiality,depth,author_flair_background_color,collapsed_because_crowd_control,mod_reports,mod_note,distinguished,_fetched,author_flair_type,author_fullname,author_flair_richtext,author_patreon_flair,author_premium,author_cakeday
0,<praw.models.comment_forest.CommentForest object at 0x7fe0a3e82e20>,hl87fj,<praw.reddit.Reddit object at 0x7fe0a30a7760>,0,,False,,[],,,16,,t3_hl87fj,,,[],False,fwy01el,,,0,True,,False,,False,True,t3_hl87fj,16,,,[],t5_2kpdau,[deleted],1606096807.0,0,,False,False,"<div class=""md""><p>[deleted]</p>
</div>",{},,,False,public,True,,,dark,False,/r/delta8/comments/hl87fj/2999_at_the_corner_store_61_8d/fwy01el/,,False,t1_fwy01el,1593900718.0,delta8,,[],1593900718.0,r/delta8,0,0,,,[],,,True,,,,,,
1,<praw.models.comment_forest.CommentForest object at 0x7fe0a3e82880>,hl87fj,<praw.reddit.Reddit object at 0x7fe0a30a7760>,0,,False,,[],,,3,,t3_hl87fj,,,[],False,fwxej8n,,,0,True,,False,Cer0zer0,False,True,t3_hl87fj,3,,,[],t5_2kpdau,How does it feel? Do you feel high,False,0,,False,False,"<div class=""md""><p>How does it feel? Do you feel high</p>
</div>",{},,,False,public,True,,,,False,/r/delta8/comments/hl87fj/2999_at_the_corner_store_61_8d/fwxej8n/,,False,t1_fwxej8n,1593888386.0,delta8,,[],1593888386.0,r/delta8,0,0,,,[],,,True,text,t2_ag64d,[],False,False,
2,<praw.models.comment_forest.CommentForest object at 0x7fe0a3e82250>,hl87fj,<praw.reddit.Reddit object at 0x7fe0a30a7760>,0,,False,,[],,,3,,t3_hl87fj,,,[],False,fy5fa8j,,,0,True,,True,VBA_Scrub,False,True,t3_hl87fj,3,,,[],t5_2kpdau,"Yo, are you still alive? Still using these? Got some at my local shop and can't find shit about the brand..",False,0,,False,False,"<div class=""md""><p>Yo, are you still alive? Still using these? Got some at my local shop and can&#39;t find shit about the brand..</p>
</div>",{},,,False,public,True,,,,False,/r/delta8/comments/hl87fj/2999_at_the_corner_store_61_8d/fy5fa8j/,,False,t1_fy5fa8j,1594825613.0,delta8,,[],1594825613.0,r/delta8,0,0,,,[],,,True,text,t2_159wim,[],False,False,
3,<praw.models.comment_forest.CommentForest object at 0x7fe0a3541130>,hl87fj,<praw.reddit.Reddit object at 0x7fe0a30a7760>,0,,False,,[],,,2,,t3_hl87fj,,,[],False,fzi6e9i,,,0,True,,True,previously_nam0,False,True,t3_hl87fj,2,,,[],t5_2kpdau,I tried these. They feel good. I’m amazed actually.,False,0,,False,False,"<div class=""md""><p>I tried these. They feel good. I’m amazed actually.</p>
</div>",{},,,False,public,True,,,,False,/r/delta8/comments/hl87fj/2999_at_the_corner_store_61_8d/fzi6e9i/,,False,t1_fzi6e9i,1595937843.0,delta8,,[],1595937843.0,r/delta8,0,0,,,[],,,True,text,t2_4n4oeath,[],False,False,
4,<praw.models.comment_forest.CommentForest object at 0x7fe0a35414c0>,hl87fj,<praw.reddit.Reddit object at 0x7fe0a30a7760>,0,,False,,[],,,2,,t3_hl87fj,,,[],False,fzjvf6t,,,0,True,,True,martresan,False,True,t3_hl87fj,2,,,[],t5_2kpdau,If you scan the QR code on the back goes to this link: https://mandeldistributors.com/lab_results/gll.pdf,False,0,,False,False,"<div class=""md""><p>If you scan the QR code on the back goes to this link: <a href=""https://mandeldistributors.com/lab_results/gll.pdf"">https://mandeldistributors.com/lab_results/gll.pdf</a></p>
</div>",{},,,False,public,True,,,,False,/r/delta8/comments/hl87fj/2999_at_the_corner_store_61_8d/fzjvf6t/,,False,t1_fzjvf6t,1595969402.0,delta8,,[],1595969402.0,r/delta8,0,0,,,[],,,True,text,t2_dpng16,[],False,False,
5,<praw.models.comment_forest.CommentForest object at 0x7fe0a3541ca0>,hl87fj,<praw.reddit.Reddit object at 0x7fe0a30a7760>,0,,False,,[],,,3,,t3_hl87fj,,,[],False,fwxfbt3,,,0,True,,True,M0rgan77,False,True,t3_hl87fj,3,,,[],t5_2kpdau,"May I ask if it was a chain store? Willing to share the name, if so?",False,0,,False,False,"<div class=""md""><p>May I ask if it was a chain store? Willing to share the name, if so?</p>
</div>",{},,,False,public,True,,,,False,/r/delta8/comments/hl87fj/2999_at_the_corner_store_61_8d/fwxfbt3/,,False,t1_fwxfbt3,1593888819.0,delta8,,[],1593888819.0,r/delta8,0,0,,,[],,,True,text,t2_16dz0g,[],False,False,
6,<praw.models.comment_forest.CommentForest object at 0x7fe0a35418e0>,hl87fj,<praw.reddit.Reddit object at 0x7fe0a30a7760>,0,,False,,[],,,1,,t3_hl87fj,,,[],False,fx1m7o8,,,0,True,,True,FloridaFlows,False,True,t3_hl87fj,1,,,[],t5_2kpdau,Does the back of the package say anything about the company? Can't find them online,False,0,,False,False,"<div class=""md""><p>Does the back of the package say anything about the company? Can&#39;t find them online</p>
</div>",{},,,False,public,True,,,,False,/r/delta8/comments/hl87fj/2999_at_the_corner_store_61_8d/fx1m7o8/,,False,t1_fx1m7o8,1593990212.0,delta8,,[],1593990212.0,r/delta8,0,0,,,[],,,True,text,t2_5ovnec26,[],False,False,True
7,<praw.models.comment_forest.CommentForest object at 0x7fe0a3541070>,hl87fj,<praw.reddit.Reddit object at 0x7fe0a30a7760>,0,,False,,[],,,1,,t3_hl87fj,,,[],False,g0qhndo,,,0,True,,True,unicornspiracy420,False,True,t3_hl87fj,1,,,[],t5_2kpdau,So what's it like I'm curious?!?!? Been looking up this all day,False,0,,False,False,"<div class=""md""><p>So what&#39;s it like I&#39;m curious?!?!? Been looking up this all day</p>
</div>",{},,,False,public,True,,,,False,/r/delta8/comments/hl87fj/2999_at_the_corner_store_61_8d/g0qhndo/,,False,t1_g0qhndo,1596842986.0,delta8,,[],1596842986.0,r/delta8,0,0,,,[],,,True,text,t2_5lqd3k1p,[],False,False,
8,<praw.models.comment_forest.CommentForest object at 0x7fe0a3590af0>,hl87fj,<praw.reddit.Reddit object at 0x7fe0a30a7760>,0,,False,,[],,,1,,t3_hl87fj,,,[],False,g470h9t,,,0,True,,True,,False,True,t3_hl87fj,1,,,[],t5_2kpdau,[deleted],False,0,,False,False,"<div class=""md""><p>[deleted]</p>
</div>",{},,,False,public,True,,,dark,False,/r/delta8/comments/hl87fj/2999_at_the_corner_store_61_8d/g470h9t/,,False,t1_g470h9t,1599359103.0,delta8,,[],1599359103.0,r/delta8,0,0,,,[],,,True,,,,,,
9,<praw.models.comment_forest.CommentForest object at 0x7fe0a3590790>,hl87fj,<praw.reddit.Reddit object at 0x7fe0a30a7760>,0,,False,,[],,,1,,t3_hl87fj,,,[],False,g4ghi8k,,,0,True,,True,MrVantstik,False,True,t3_hl87fj,1,,,[],t5_2kpdau,I just got one these in SE PA im interested to see how it does,False,0,,False,False,"<div class=""md""><p>I just got one these in SE PA im interested to see how it does</p>
</div>",{},,,False,public,True,,,,False,/r/delta8/comments/hl87fj/2999_at_the_corner_store_61_8d/g4ghi8k/,,False,t1_g4ghi8k,1599584683.0,delta8,,[],1599584683.0,r/delta8,0,0,,,[],,,True,text,t2_3l915m9b,[],False,False,
