,_replies,_submission,_reddit,subreddit_id,approved_at_utc,author_is_blocked,comment_type,awarders,mod_reason_by,banned_by,author_flair_type,total_awards_received,subreddit,author_flair_template_id,likes,user_reports,saved,id,banned_at_utc,mod_reason_title,gilded,archived,collapsed_reason_code,no_follow,author,can_mod_post,created_utc,send_replies,parent_id,score,author_fullname,approved_by,mod_note,all_awardings,collapsed,body,edited,top_awarded_type,author_flair_css_class,name,is_submitter,downs,author_flair_richtext,author_patreon_flair,body_html,removal_reason,collapsed_reason,distinguished,associated_award,stickied,author_premium,can_gild,gildings,unrepliable_reason,author_flair_text_color,score_hidden,permalink,subreddit_type,locked,report_reasons,created,author_flair_text,treatment_tags,link_id,subreddit_name_prefixed,controversiality,depth,author_flair_background_color,collapsed_because_crowd_control,mod_reports,num_reports,ups,_fetched
0,<praw.models.comment_forest.CommentForest object at 0x7fe0a35417c0>,ism0qm,<praw.reddit.Reddit object at 0x7fe0a30a7760>,t5_2kpdau,,False,,[],,,text,0,delta8,,,[],False,g58isdd,,,0,True,,False,Not-Noah,False,1600095420.0,True,t3_ism0qm,29,t2_30i4zn5t,,,[],False,"Thanks man, this really helped explain a lot",False,,,t1_g58isdd,False,0,[],False,"<div class=""md""><p>Thanks man, this really helped explain a lot</p>
</div>",,,,,False,False,True,{},,,False,/r/delta8/comments/ism0qm/dea_meddling_is_a_real_threat/g58isdd/,public,False,,1600095420.0,,[],t3_ism0qm,r/delta8,0,0,,,[],,29,True
1,<praw.models.comment_forest.CommentForest object at 0x7fe0a3541730>,ism0qm,<praw.reddit.Reddit object at 0x7fe0a30a7760>,t5_2kpdau,,False,,[],,,text,0,delta8,,,[],False,g58wrjn,,,0,True,,False,FreeMarketHunter,False,1600100747.0,True,t3_ism0qm,21,t2_5eij9jyp,,,[],False,Hopefully some vendors on Cannahome begin to carry D8. After this discovery I am done with D9!,False,,,t1_g58wrjn,False,0,[],False,"<div class=""md""><p>Hopefully some vendors on Cannahome begin to carry D8. After this discovery I am done with D9!</p>
</div>",,,,,False,False,True,{},,,False,/r/delta8/comments/ism0qm/dea_meddling_is_a_real_threat/g58wrjn/,public,False,,1600100747.0,,[],t3_ism0qm,r/delta8,0,0,,,[],,21,True
2,<praw.models.comment_forest.CommentForest object at 0x7fe0a35410d0>,ism0qm,<praw.reddit.Reddit object at 0x7fe0a30a7760>,t5_2kpdau,,False,,[],,,text,0,delta8,,,[],False,g5961sz,,,0,True,,False,metanihl,False,1600104108.0,True,t3_ism0qm,11,t2_1yip40c,,,[],False,"My life and my grandmother's life is going to be so much more difficult if it gets banned in going to comment right now.

Are there any good templates out there for what type of comment is the most effective. I know people have done that for these sorts of things before such as net neutrality. I think the goal is to focus the messaging.

Does anyone know if the DEA cracks down, if delta 8 will continue to be sold in states where recreational marijuana is legal? I would hate to have to take a yearly pilgrimage to Colorado haha.",False,,,t1_g5961sz,False,0,[],False,"<div class=""md""><p>My life and my grandmother&#39;s life is going to be so much more difficult if it gets banned in going to comment right now.</p>

<p>Are there any good templates out there for what type of comment is the most effective. I know people have done that for these sorts of things before such as net neutrality. I think the goal is to focus the messaging.</p>

<p>Does anyone know if the DEA cracks down, if delta 8 will continue to be sold in states where recreational marijuana is legal? I would hate to have to take a yearly pilgrimage to Colorado haha.</p>
</div>",,,,,False,False,True,{},,,False,/r/delta8/comments/ism0qm/dea_meddling_is_a_real_threat/g5961sz/,public,False,,1600104108.0,,[],t3_ism0qm,r/delta8,0,0,,,[],,11,True
3,<praw.models.comment_forest.CommentForest object at 0x7fe0a3541d30>,ism0qm,<praw.reddit.Reddit object at 0x7fe0a30a7760>,t5_2kpdau,,False,,[],,,text,0,delta8,,,[],False,g58qv9v,,,0,True,,False,mcgirttheruler,False,1600098462.0,True,t3_ism0qm,15,t2_exp60tf,,,[],False,"Props for this, you always have the most informative posts. I wish I had an award to give.",False,,,t1_g58qv9v,False,0,[],False,"<div class=""md""><p>Props for this, you always have the most informative posts. I wish I had an award to give.</p>
</div>",,,,,False,False,True,{},,,False,/r/delta8/comments/ism0qm/dea_meddling_is_a_real_threat/g58qv9v/,public,False,,1600098462.0,,[],t3_ism0qm,r/delta8,0,0,,,[],,15,True
4,<praw.models.comment_forest.CommentForest object at 0x7fe0a3541070>,ism0qm,<praw.reddit.Reddit object at 0x7fe0a30a7760>,t5_2kpdau,,False,,[],,,text,0,delta8,,,[],False,g58qmjz,,,0,True,,False,Rotor_Tiller,False,1600098372.0,True,t3_ism0qm,20,t2_44j4t9o5,,,[],False,"I honestly don't care about the DEA. They aren't the people who make the laws. They just enforce them.

What I worry about is what happens once lawmakers discover d8.",False,,,t1_g58qmjz,False,0,[],False,"<div class=""md""><p>I honestly don&#39;t care about the DEA. They aren&#39;t the people who make the laws. They just enforce them.</p>

<p>What I worry about is what happens once lawmakers discover d8.</p>
</div>",,,,,False,False,True,{},,,False,/r/delta8/comments/ism0qm/dea_meddling_is_a_real_threat/g58qmjz/,public,False,,1600098372.0,,[],t3_ism0qm,r/delta8,0,0,,,[],,20,True
5,<praw.models.comment_forest.CommentForest object at 0x7fe0a36a0ca0>,ism0qm,<praw.reddit.Reddit object at 0x7fe0a30a7760>,t5_2kpdau,,False,,[],,,text,0,delta8,,,[],False,g58z3yn,,,0,True,,False,OhDang8686,False,1600101645.0,True,t3_ism0qm,7,t2_6zcnd7d3,,,[],False,I'm not smart enough to understand all that. But I definitely appreciate it.,False,,,t1_g58z3yn,False,0,[],False,"<div class=""md""><p>I&#39;m not smart enough to understand all that. But I definitely appreciate it.</p>
</div>",,,,,False,False,True,{},,,False,/r/delta8/comments/ism0qm/dea_meddling_is_a_real_threat/g58z3yn/,public,False,,1600101645.0,,[],t3_ism0qm,r/delta8,0,0,,,[],,7,True
6,<praw.models.comment_forest.CommentForest object at 0x7fe0a36a08e0>,ism0qm,<praw.reddit.Reddit object at 0x7fe0a30a7760>,t5_2kpdau,,False,,[],,,text,0,delta8,,,[],False,g59az1c,,,0,True,,True,Master-o-none,False,1600105772.0,True,t3_ism0qm,3,t2_5jji6htb,,,[],False,How long did you work on this post?  Holy cow,False,,,t1_g59az1c,False,0,[],False,"<div class=""md""><p>How long did you work on this post?  Holy cow</p>
</div>",,,,,False,False,True,{},,,False,/r/delta8/comments/ism0qm/dea_meddling_is_a_real_threat/g59az1c/,public,False,,1600105772.0,,[],t3_ism0qm,r/delta8,0,0,,,[],,3,True
7,<praw.models.comment_forest.CommentForest object at 0x7fe0a36a05b0>,ism0qm,<praw.reddit.Reddit object at 0x7fe0a30a7760>,t5_2kpdau,,False,,[],,,text,0,delta8,,,[],False,g5abjgk,,,0,True,,True,n00bCrusher,False,1600117878.0,True,t3_ism0qm,3,t2_92z2d,,,[],False,"Thank you I just left my comment.

&#x200B;

for those of you that put this off like me because I didn't know what to say...Just be honest. In my case I suffer from painful cluster headaches and D8 helps alleviate the pain. for you it might be an anxiety reliever the point is give your testimony.",False,,,t1_g5abjgk,False,0,[],False,"<div class=""md""><p>Thank you I just left my comment.</p>

<p>&#x200B;</p>

<p>for those of you that put this off like me because I didn&#39;t know what to say...Just be honest. In my case I suffer from painful cluster headaches and D8 helps alleviate the pain. for you it might be an anxiety reliever the point is give your testimony.</p>
</div>",,,,,False,False,True,{},,,False,/r/delta8/comments/ism0qm/dea_meddling_is_a_real_threat/g5abjgk/,public,False,,1600117878.0,,[],t3_ism0qm,r/delta8,0,0,,,[],,3,True
8,<praw.models.comment_forest.CommentForest object at 0x7fe0a36a0d60>,ism0qm,<praw.reddit.Reddit object at 0x7fe0a30a7760>,t5_2kpdau,,False,,[],,,,0,delta8,,,[],False,g5an8tw,,,0,True,,True,,False,1600122714.0,True,t3_ism0qm,3,,,,[],False,"Please read about [Chevron deference](https://en.wikipedia.org/wiki/Chevron_U.S.A.%2C_Inc._v._Natural_Resources_Defense_Council%2C_Inc).

I often see analysis that focuses on the 2018 Farm Bill as if it's all that need be considered. It's not. There's case precedent, and that precedent indicates the DEA probably has the power to make D8 illegal. The bar to overrule their interpretation is very high.",1600123970.0,,,t1_g5an8tw,False,0,,,"<div class=""md""><p>Please read about <a href=""https://en.wikipedia.org/wiki/Chevron_U.S.A.%2C_Inc._v._Natural_Resources_Defense_Council%2C_Inc"">Chevron deference</a>.</p>

<p>I often see analysis that focuses on the 2018 Farm Bill as if it&#39;s all that need be considered. It&#39;s not. There&#39;s case precedent, and that precedent indicates the DEA probably has the power to make D8 illegal. The bar to overrule their interpretation is very high.</p>
</div>",,,,,False,,False,{},,dark,False,/r/delta8/comments/ism0qm/dea_meddling_is_a_real_threat/g5an8tw/,public,False,,1600122714.0,,[],t3_ism0qm,r/delta8,0,0,,,[],,3,True
9,<praw.models.comment_forest.CommentForest object at 0x7fe0a36a0e50>,ism0qm,<praw.reddit.Reddit object at 0x7fe0a30a7760>,t5_2kpdau,,False,,[],,,text,0,delta8,,,[],False,g5bdgws,,,0,True,,True,adeptacheron,False,1600136400.0,True,t3_ism0qm,3,t2_4dpn7760,,,[],False,"So I guess my thing is, I want to help out and write a report because I love D8. On the other hand I don’t want to give my name and address to the DEA. I’m sure I’m not the only one that has come to this dilemma.",False,,,t1_g5bdgws,False,0,[],False,"<div class=""md""><p>So I guess my thing is, I want to help out and write a report because I love D8. On the other hand I don’t want to give my name and address to the DEA. I’m sure I’m not the only one that has come to this dilemma.</p>
</div>",,,,,False,False,True,{},,,False,/r/delta8/comments/ism0qm/dea_meddling_is_a_real_threat/g5bdgws/,public,False,,1600136400.0,,[],t3_ism0qm,r/delta8,0,0,,,[],,3,True
10,<praw.models.comment_forest.CommentForest object at 0x7fe0a36a0160>,ism0qm,<praw.reddit.Reddit object at 0x7fe0a30a7760>,t5_2kpdau,,False,,[],,,,0,delta8,,,[],False,g5dbygq,,,0,True,,True,,False,1600186715.0,True,t3_ism0qm,3,,,,[],False,"I’m thinking D8 is going to get shifted out somehow...hope not

So vendors continue to sell because there has not been a final ruling.",1600195832.0,,,t1_g5dbygq,False,0,,,"<div class=""md""><p>I’m thinking D8 is going to get shifted out somehow...hope not</p>

<p>So vendors continue to sell because there has not been a final ruling.</p>
</div>",,,,,False,,False,{},,dark,False,/r/delta8/comments/ism0qm/dea_meddling_is_a_real_threat/g5dbygq/,public,False,,1600186715.0,,[],t3_ism0qm,r/delta8,0,0,,,[],,3,True
11,<praw.models.comment_forest.CommentForest object at 0x7fe0a36a0430>,ism0qm,<praw.reddit.Reddit object at 0x7fe0a30a7760>,t5_2kpdau,,False,,[],,,text,0,delta8,,,[],False,g58ot79,,,0,True,,False,Cumtic935,False,1600097691.0,True,t3_ism0qm,7,t2_7oj7djg7,,,[],False,Thanks for the post been wondering about the ban and all of that,False,,,t1_g58ot79,False,0,[],False,"<div class=""md""><p>Thanks for the post been wondering about the ban and all of that</p>
</div>",,,,,False,False,True,{},,,False,/r/delta8/comments/ism0qm/dea_meddling_is_a_real_threat/g58ot79/,public,False,,1600097691.0,,[],t3_ism0qm,r/delta8,0,0,,,[],,7,True
12,<praw.models.comment_forest.CommentForest object at 0x7fe0a36a06a0>,ism0qm,<praw.reddit.Reddit object at 0x7fe0a30a7760>,t5_2kpdau,,False,,[],,,text,0,delta8,,,[],False,g5a8eed,,,0,True,,False,wabashcr,False,1600116722.0,True,t3_ism0qm,4,t2_kpn9u,,,[],False,"The majority of this post, including citations, was copied and pasted from a blog post by an actual attorney who specializes in hemp and CBD legal issues. If anyone would like to read the original, it can be found at https://abovethelaw.com/2020/09/the-dea-interim-final-rule-a-menace-to-the-burgeoning-delta-8-thc-industry/",False,,,t1_g5a8eed,False,0,[],False,"<div class=""md""><p>The majority of this post, including citations, was copied and pasted from a blog post by an actual attorney who specializes in hemp and CBD legal issues. If anyone would like to read the original, it can be found at <a href=""https://abovethelaw.com/2020/09/the-dea-interim-final-rule-a-menace-to-the-burgeoning-delta-8-thc-industry/"">https://abovethelaw.com/2020/09/the-dea-interim-final-rule-a-menace-to-the-burgeoning-delta-8-thc-industry/</a></p>
</div>",,,,,False,False,True,{},,,False,/r/delta8/comments/ism0qm/dea_meddling_is_a_real_threat/g5a8eed/,public,False,,1600116722.0,,[],t3_ism0qm,r/delta8,0,0,,,[],,4,True
13,<praw.models.comment_forest.CommentForest object at 0x7fe0a36a0fd0>,ism0qm,<praw.reddit.Reddit object at 0x7fe0a30a7760>,t5_2kpdau,,False,,[],,,text,0,delta8,,,[],False,g5aq300,,,0,True,,True,InternationalSoup8,False,1600124143.0,True,t3_ism0qm,2,t2_406qljvp,,,[],False,"Very informative, read through all of your info.",False,,,t1_g5aq300,False,0,[],False,"<div class=""md""><p>Very informative, read through all of your info.</p>
</div>",,,,,False,False,True,{},,,False,/r/delta8/comments/ism0qm/dea_meddling_is_a_real_threat/g5aq300/,public,False,,1600124143.0,,[],t3_ism0qm,r/delta8,0,0,,,[],,2,True
14,<praw.models.comment_forest.CommentForest object at 0x7fe0a36a0940>,ism0qm,<praw.reddit.Reddit object at 0x7fe0a30a7760>,t5_2kpdau,,False,,[],,,,0,delta8,,,[],False,g5o1kxn,,,0,True,,True,,False,1600399658.0,True,t3_ism0qm,2,,,,[],False,[deleted],False,,,t1_g5o1kxn,False,0,,,"<div class=""md""><p>[deleted]</p>
</div>",,,,,False,,True,{},,dark,False,/r/delta8/comments/ism0qm/dea_meddling_is_a_real_threat/g5o1kxn/,public,False,,1600399658.0,,[],t3_ism0qm,r/delta8,0,0,,,[],,2,True
15,<praw.models.comment_forest.CommentForest object at 0x7fe0a36a09a0>,ism0qm,<praw.reddit.Reddit object at 0x7fe0a30a7760>,t5_2kpdau,,False,,[],,,text,0,delta8,69a21c28-8c73-11ea-92f1-0e1b360e58c3,,[],False,g58lx69,,,0,True,,True,betterdaze2020,False,1600096624.0,True,t3_ism0qm,4,t2_5atwfjqt,,,[],False,Wow this was super informative! Thanks so much for taking the time to write this out,False,,,t1_g58lx69,False,0,[],False,"<div class=""md""><p>Wow this was super informative! Thanks so much for taking the time to write this out</p>
</div>",,,,,False,False,True,{},,dark,False,/r/delta8/comments/ism0qm/dea_meddling_is_a_real_threat/g58lx69/,public,False,,1600096624.0,MOD,[],t3_ism0qm,r/delta8,0,0,#dadada,,[],,4,True
16,<praw.models.comment_forest.CommentForest object at 0x7fe0a36a0cd0>,ism0qm,<praw.reddit.Reddit object at 0x7fe0a30a7760>,t5_2kpdau,,False,,[],,,text,0,delta8,,,[],False,g58lzff,,,0,True,,True,Resident-Platypus302,False,1600096648.0,True,t3_ism0qm,3,t2_6bnmti0g,,,[],False,Yes thank you for the post! I am extremely concerned about this I must admit I have been stocking up as much as I can..,False,,,t1_g58lzff,False,0,[],False,"<div class=""md""><p>Yes thank you for the post! I am extremely concerned about this I must admit I have been stocking up as much as I can..</p>
</div>",,,,,False,False,True,{},,,False,/r/delta8/comments/ism0qm/dea_meddling_is_a_real_threat/g58lzff/,public,False,,1600096648.0,,[],t3_ism0qm,r/delta8,0,0,,,[],,3,True
17,<praw.models.comment_forest.CommentForest object at 0x7fe0a36a0850>,ism0qm,<praw.reddit.Reddit object at 0x7fe0a30a7760>,t5_2kpdau,,False,,[],,,text,0,delta8,,,[],False,g58pvdr,,,0,True,,True,SushiDubya,False,1600098082.0,True,t3_ism0qm,2,t2_jl5sr,,,[],False,Props to you u/JanElizKor for making this post!!!  Thank you!,False,,,t1_g58pvdr,False,0,[],False,"<div class=""md""><p>Props to you <a href=""/u/JanElizKor"">u/JanElizKor</a> for making this post!!!  Thank you!</p>
</div>",,,,,False,False,True,{},,,False,/r/delta8/comments/ism0qm/dea_meddling_is_a_real_threat/g58pvdr/,public,False,,1600098082.0,,[],t3_ism0qm,r/delta8,0,0,,,[],,2,True
18,<praw.models.comment_forest.CommentForest object at 0x7fe0a36a0c70>,ism0qm,<praw.reddit.Reddit object at 0x7fe0a30a7760>,t5_2kpdau,,False,,[],,,text,0,delta8,,,[],False,g58p60x,,,0,True,,True,superchiller,False,1600097818.0,True,t3_ism0qm,3,t2_czkpw,,,[],False,"Excellent post with tons of detail. I do believe that Delta-8 is going to be banned, people should stock up on bulk distillate before the day that happens.",False,,,t1_g58p60x,False,0,[],False,"<div class=""md""><p>Excellent post with tons of detail. I do believe that Delta-8 is going to be banned, people should stock up on bulk distillate before the day that happens.</p>
</div>",,,,,False,False,True,{},,,False,/r/delta8/comments/ism0qm/dea_meddling_is_a_real_threat/g58p60x/,public,False,,1600097818.0,,[],t3_ism0qm,r/delta8,0,0,,,[],,3,True
19,<praw.models.comment_forest.CommentForest object at 0x7fe0a36a08b0>,ism0qm,<praw.reddit.Reddit object at 0x7fe0a30a7760>,t5_2kpdau,,False,,[],,,,0,delta8,,,[],False,g5b5l70,,,0,True,,True,,False,1600132007.0,True,t3_ism0qm,1,,,,[],False,[deleted],False,,,t1_g5b5l70,False,0,,,"<div class=""md""><p>[deleted]</p>
</div>",,,,,False,,True,{},,dark,False,/r/delta8/comments/ism0qm/dea_meddling_is_a_real_threat/g5b5l70/,public,False,,1600132007.0,,[],t3_ism0qm,r/delta8,0,0,,,[],,1,True
20,<praw.models.comment_forest.CommentForest object at 0x7fe0a35906a0>,ism0qm,<praw.reddit.Reddit object at 0x7fe0a30a7760>,t5_2kpdau,,False,,[],,,text,0,delta8,,,[],False,g590bfe,,,0,True,,True,corey30d,False,1600102072.0,True,t3_ism0qm,1,t2_jpf8zgg,,,[],False,"Most of this is taken verbatim from other sources, but I still appreciate the effort of compiling it all.",False,,,t1_g590bfe,False,0,[],False,"<div class=""md""><p>Most of this is taken verbatim from other sources, but I still appreciate the effort of compiling it all.</p>
</div>",,,,,False,False,True,{},,,False,/r/delta8/comments/ism0qm/dea_meddling_is_a_real_threat/g590bfe/,public,False,,1600102072.0,,[],t3_ism0qm,r/delta8,0,0,,,[],,1,True
21,<praw.models.comment_forest.CommentForest object at 0x7fe0a3590c70>,ism0qm,<praw.reddit.Reddit object at 0x7fe0a30a7760>,t5_2kpdau,,False,,[],,,text,0,delta8,,,[],False,g59zy1g,,,0,True,,True,bruhthegreat,False,1600114010.0,True,t3_ism0qm,-1,t2_n78do,,,[],False,As Gucci mane would say... fuck the feds fuck police fuck the DEA!,False,,,t1_g59zy1g,False,0,[],False,"<div class=""md""><p>As Gucci mane would say... fuck the feds fuck police fuck the DEA!</p>
</div>",,,,,False,False,True,{},,,False,/r/delta8/comments/ism0qm/dea_meddling_is_a_real_threat/g59zy1g/,public,False,,1600114010.0,,[],t3_ism0qm,r/delta8,0,0,,,[],,-1,True
